fecha_hora,sensor_co,concentracion_benceno,sensor_nmhc,sensor_nox,sensor_no2,sensor_o3,temperatura,humedad_relativa,humedad_absoluta
2004-03-10,1316.5,8.460789617091478,912.25,1167.25,1545.3333333333333,1096.0416666666667,12.020833373069665,54.88333368301383,0.7656264618437421
2004-03-11,1244.0625,7.989057874993094,851.8020833333334,1277.1875,1522.6979166666667,885.03125,9.833333318432162,64.06979143619533,0.7757677831450085
2004-03-12,1281.5625,12.129509301700779,1008.2291666666666,1101.71875,1627.21875,1084.21875,11.2927083720764,51.107291618983,0.6631024318960711
2004-03-13,1330.555555555554,10.922886560393875,992.8229166666666,993.1597222222221,1595.6215277777792,1245.78125,12.866319467624045,51.530902922153466,0.7322940448161543
2004-03-14,1360.9270833333333,9.631441773520836,943.8541666666666,1001.1041666666666,1602.1875,1234.1770833333333,16.01666662096979,48.84375005960462,0.8496740277410879
2004-03-15,1452.0104166666667,16.08994641696814,1138.84375,845.5625,1888.4895833333333,1439.0416666666667,17.37083331743875,50.32083342472705,0.944025369142464
2004-03-16,1339.6215277777792,13.501464824963866,1061.7638888888875,939.1493055555553,1726.5347222222208,1322.475694444446,18.627777765194498,44.82500007417471,0.8710212094658862
2004-03-17,1362.7083333333333,15.238700209525526,1098.9375,930.4270833333334,1741.0,1405.6770833333333,18.772916734218516,41.165625085433334,0.8049198292780478
2004-03-18,1352.569444444446,13.790167728314287,1072.5173611111125,901.1111111111113,1702.649305555554,1300.805555555554,17.76076394981821,44.084722214275,0.8260011855346335
2004-03-19,1304.2083333333333,13.530100825557563,1057.9166666666667,913.1770833333334,1745.34375,1095.7083333333333,14.194791615009251,57.90416665871937,0.9239652075542971
2004-03-20,1288.46875,8.769988891186793,911.8854166666666,968.3229166666666,1608.96875,1018.9583333333334,15.859375019868166,52.17187519868221,0.9290021094415858
2004-03-21,1252.5520833333333,7.595973290991798,870.5173611111113,975.5416666666666,1601.6666666666667,954.2534722222221,17.20486106806325,52.44340299235454,1.006323175921126
2004-03-22,1129.1666666666667,9.418329046276126,911.5520833333334,1062.1458333333333,1595.21875,857.78125,17.363541672627125,44.83541659514108,0.8579231574914176
2004-03-23,1122.059027777778,8.97169167769134,896.5104166666666,1073.524305555554,1556.7673611111125,892.6354166666666,12.122569508022764,60.46979147858079,0.8425032897615581
2004-03-24,1148.9375,8.616582984654231,888.71875,1040.6666666666667,1541.5729166666667,909.7708333333334,11.668749998013249,59.09791628519696,0.79669840752281
2004-03-25,1084.7916666666667,8.10440053283947,859.59375,1124.1458333333333,1494.5208333333333,800.2395833333334,11.630208318432205,58.79791676998138,0.7820768296156569
2004-03-26,1084.4652777777792,8.431100109092155,892.375,1032.1111111111113,1457.618055555554,888.34375,11.667708345585467,51.29513874981137,0.6764917141202355
2004-03-27,1095.0104166666667,7.75842813345468,872.9895833333334,1045.90625,1425.78125,900.6458333333334,12.585416639844533,46.54687486092237,0.6415528123234079
2004-03-28,1059.5729166666667,5.56837221636917,783.3229166666666,1121.6145833333333,1347.9791666666667,783.6770833333334,13.463541711370205,45.72604167461396,0.6638880462782256
2004-03-29,991.8611111111113,5.562205953551018,762.1180555555553,1194.0451388888875,1275.34375,630.8159722222221,13.392013915710917,37.65486114554933,0.5602796723869744
2004-03-30,1186.875,9.509991129334916,912.7708333333334,1019.75,1446.8645833333333,1003.7708333333334,15.51145832737275,34.45520840088533,0.5942929920026602
2004-03-31,1180.961805555554,7.875414332959963,863.1354166666666,1015.3194444444447,1513.4166666666667,904.0034722222208,13.579166710376748,55.035763608084665,0.8417894433964618
2004-04-01,1244.2738095238096,11.989127959473475,1010.3531746031762,880.5515873015871,1644.202380952381,1155.7896825396808,15.513095223714428,51.133730116344665,0.8548791130062027
2004-04-02,1288.7916666666667,13.21288445648694,1059.1979166666667,843.9895833333334,1708.59375,1197.1875,17.94479161500929,49.10416648785263,0.9348889105648871
2004-04-03,1307.1354166666667,10.890847025235109,989.59375,862.40625,1659.1284722222208,1140.2708333333333,19.129513869682956,45.696180601914755,0.9607031260488577
2004-04-04,1202.6458333333333,7.202948219257723,856.5729166666666,939.6041666666666,1562.2083333333333,824.6875,18.891666720310877,50.16041656335187,1.0414869908642983
2004-04-05,1283.46875,10.84152903962836,970.3645833333334,877.0833333333334,1703.3229166666667,1069.84375,16.8625000615915,53.94687497615816,1.0167683069121822
2004-04-06,1200.409722222222,10.93645652938884,969.7222222222221,889.5659722222208,1663.7083333333333,941.0659722222221,16.922222250037752,48.207638820012335,0.9090541668363837
2004-04-07,1051.5729166666667,6.979332856719928,823.0104166666666,1090.0520833333333,1470.125,685.3020833333334,14.318750023841874,54.71041651566829,0.8671775435720762
2004-04-08,1153.1376388888875,11.79971673460368,1005.5572222222219,909.0973611111112,1590.9141666666667,1079.841527777776,14.476444489955862,49.294055307176365,0.7366128533176047
2004-04-09,1121.72,7.441303441101124,874.3733333333317,924.4200000000001,1491.1899999999998,1068.4883333333319,12.993000003496519,57.7990002059938,0.8529208529419261
2004-04-10,1051.2916666666667,7.446699314707199,869.6145833333334,973.8229166666666,1467.75,872.4375,15.085416654745707,49.170833329359624,0.7815024896380282
2004-04-11,939.8958333333334,4.0531125086915525,707.8958333333334,1202.6597222222208,1265.506944444446,631.6354166666666,14.774305563833957,43.76250021987496,0.6673450911865481
2004-04-12,929.9270833333334,2.3523801774938207,599.5416666666666,1376.03125,1217.7291666666667,462.4895833333333,12.196874986092254,52.971875111261916,0.7398501638677509
2004-04-13,1110.875,9.405472660009826,912.5833333333334,988.6979166666666,1542.1041666666667,941.8541666666666,13.062499960263624,53.050000031789125,0.7821905910300915
2004-04-14,1143.7222222222208,10.32454202709888,959.3229166666666,898.2291666666666,1581.9652777777792,1104.2083333333333,15.492361091905124,47.35243068801029,0.7877185303959408
2004-04-15,1325.875,14.574253325825332,1085.0104166666667,814.0104166666666,1732.2916666666667,1351.6770833333333,14.82916668057443,51.215624968210875,0.8357879501538972
2004-04-16,1329.9513888888875,13.33925569632465,1068.8576388888875,763.1909722222221,1792.9583333333333,1221.4895833333333,14.098263859748833,69.34062525961129,1.099155626225375
2004-04-17,1064.5625,6.478388223974396,828.5,960.71875,1553.1041666666667,838.0729166666666,15.54375005761775,64.27812508742008,1.0987524263661397
2004-04-18,1071.0104166666667,6.026151433969873,800.4166666666666,994.2708333333334,1558.9791666666667,768.84375,15.587500015894584,64.14270850022642,1.121848329299947
2004-04-19,1055.475694444446,7.849995662762684,872.3611111111113,943.7361111111113,1586.7152777777792,869.4340277777779,13.60243059529193,67.4305556350285,1.030983448696961
2004-04-20,1150.8020833333333,13.039044365078214,1034.5208333333333,893.8020833333334,1738.7083333333333,1088.6979166666667,16.265624960263626,56.912500162919294,0.9805167950885579
2004-04-21,1174.1076388888875,14.387215739287184,1078.1979166666667,865.15625,1724.9513888888875,1154.71875,19.09062506424054,44.99444460868833,0.9005096163833519
2004-04-22,1158.75,14.101119803531844,1072.1875,878.3854166666666,1682.8854166666667,1139.25,21.054166644811627,39.296875039736335,0.8835918317969803
2004-04-23,1302.3958333333333,16.93208071357164,1163.0416666666667,797.7708333333334,1801.53125,1387.9479166666667,21.229166636864374,39.14375009139375,0.9110599852423041
2004-04-24,1240.5798611111125,10.456287321519982,976.1111111111113,840.6701388888887,1667.4583333333333,1119.1180555555554,20.081597281826916,48.51840254333296,1.0794288638770813
2004-04-25,916.2604166666666,4.131969344930861,695.0208333333334,1274.21875,1267.2708333333333,514.0833333333334,15.617708355188457,41.19375010331466,0.7005184335371032
2004-04-26,957.90625,5.800886629190416,778.4791666666666,1143.1770833333333,1367.4375,650.6354166666666,16.803125013907792,38.55104178190229,0.7247229086376882
2004-04-27,1123.8125,11.315853383951527,985.3090277777779,944.6041666666666,1581.3090277777792,953.28125,20.612152811553624,35.55208314127392,0.8142119737106143
2004-04-28,1292.9791666666667,15.182117348155217,1110.8541666666667,792.8020833333334,1783.84375,1291.21875,21.08958333730696,42.77604158719392,1.010462006703895
2004-04-29,1322.4861111111125,16.206116953390836,1141.055555555554,757.7708333333334,1873.0451388888875,1364.8229166666667,18.913888931274418,51.195139037238164,1.0685458563496564
2004-04-30,1330.0104166666667,14.173097903030916,1103.4375,731.96875,1916.875,1305.9270833333333,17.98958333333329,66.5656252304713,1.3452326880162522
2004-05-01,1097.4375,8.654054265607718,913.46875,918.0,1640.3020833333333,904.4375,20.134375045696792,52.17812492450083,1.1673139409280326
2004-05-02,1055.5590277777792,7.263869264474104,858.9131944444447,955.3229166666666,1575.3541666666667,871.8993055555553,19.58819453583821,49.55694433715616,1.0740628553009832
2004-05-03,1164.8541666666667,11.547229516578474,995.3958333333334,860.90625,1725.2708333333333,1029.59375,21.237499952316252,48.74270846446354,1.12852493953116
2004-05-04,1143.5729166666667,10.896864361738276,971.5729166666666,859.8958333333334,1795.7708333333333,929.7916666666666,18.018749932448127,66.27500013510388,1.3368031257536437
2004-05-05,1078.96875,10.184661125317652,942.7986111111113,916.3923611111126,1737.5833333333333,870.96875,16.23402772678271,66.88749998145637,1.2174201275830454
2004-05-06,1000.3333333333334,8.771196982990334,897.21875,990.8854166666666,1607.375,795.2604166666666,14.314583331346542,62.782291452089915,1.0046210248443888
2004-05-07,999.3298611111126,9.536889501272766,936.8194444444458,924.5243055555553,1600.881944444446,814.3125,15.455208424064834,55.588888764381416,0.9385984281518448
2004-05-08,1002.1770833333334,7.13551526145692,839.3958333333334,1021.3854166666666,1505.28125,767.0520833333334,14.280208364129075,59.31250007947279,0.9350443506600944
2004-05-09,1020.78125,6.7031159268820995,837.1770833333334,950.2708333333334,1519.4479166666667,813.6041666666666,15.260416567325708,56.91770823796596,0.9671717639878706
2004-05-10,1110.319444444446,13.142500455698396,1041.430555555554,857.8993055555553,1747.3854166666667,1010.1597222222208,17.941666718986415,50.46458309226563,0.9980519202013243
2004-05-11,1205.9166666666667,15.49815363628663,1111.4479166666667,811.3125,1804.25,1202.03125,18.970833281675876,48.049999972184416,0.9800428029865532
2004-05-12,1213.7638888888887,13.60141078027757,1062.4548611111113,778.4756944444447,1799.3333333333333,1182.1354166666667,17.215277747975502,56.31944437821713,1.0920933536908912
2004-05-13,1125.8854166666667,10.967058437272442,974.8958333333334,878.875,1682.1979166666667,980.4479166666666,17.670833259820874,51.33124995231629,1.0258761167723218
2004-05-14,1121.7604166666667,13.02602442633681,1069.0520833333333,813.8229166666666,1669.3229166666667,1157.3125,21.819791664679794,37.30729162693021,0.8978808435578465
2004-05-15,1043.4583333333333,9.053567377033607,930.0034722222221,938.5798611111126,1497.6458333333333,975.4513888888887,21.039236055480085,34.38993053303817,0.8069887757202271
2004-05-16,1034.375,6.947084911593208,841.0729166666666,1010.0208333333334,1442.6458333333333,773.5208333333334,22.359374950329457,34.83125005165737,0.8879872710316336
2004-05-17,986.4166666666666,8.239190171940024,886.7291666666666,1047.3958333333333,1394.65625,798.53125,21.34583342075346,26.020833214124043,0.6353409508878585
2004-05-18,1157.8715277777792,12.47542252881823,1018.6111111111113,887.1631944444447,1647.5138888888875,1074.9131944444446,23.740972287124958,30.98472226990575,0.8575034484818831
2004-05-19,1196.84375,12.959320641191942,1041.7604166666667,827.8020833333334,1703.1354166666667,1076.375,22.98958332339925,37.6895833214125,0.9914102592116382
2004-05-20,1237.2708333333333,13.280906741589371,1055.6423611111125,806.1944444444447,1724.3090277777792,1087.055555555554,23.642361111111082,37.43437500132442,1.0030394911669314
2004-05-21,1210.7916666666667,12.67309171899675,1039.3020833333333,816.8229166666666,1679.4583333333333,1107.8541666666667,23.47187508145971,34.728124996026374,0.9292017280469568
2004-05-22,1235.3958333333333,11.130401661334924,1006.5208333333334,792.6666666666666,1706.5416666666667,1080.0833333333333,22.042708377043457,42.35208336512242,1.0831193346815489
2004-05-23,1058.6736111111113,6.443107203364747,811.9375,1006.15625,1531.7291666666667,765.7881944444447,22.35659726460779,41.75972240500979,1.0685891435148183
2004-05-24,879.4375,5.93780628457264,781.7291666666666,1211.9479166666667,1246.3541666666667,616.96875,19.94687498609225,25.661458204189998,0.558605066915174
2004-05-25,1063.8958333333333,14.395155023030973,1065.625,980.5,1454.0729166666667,1037.5,23.5437501271565,20.40208338697745,0.5044815967495527
2004-05-26,1177.0972222222208,23.554036420283946,1360.8263888888875,1002.3125,1536.625,1294.9097222222208,25.848264137903836,23.95555570390496,0.7336131372289031
2004-05-27,1087.6041666666667,12.807064832080508,1040.6875,1022.6041666666666,1615.71875,1027.6875,22.863541622956586,32.074999829133496,0.8372976867796585
2004-05-28,1037.0,10.695893776353286,984.7708333333334,984.1458333333334,1622.1458333333333,918.8854166666666,21.332291672627168,41.128125051657335,0.9904483815763502
2004-05-29,880.8784722222221,5.485744783669198,776.6319444444447,1242.711805555554,1407.34375,615.5763888888888,20.26875007814829,39.063194586171,0.9044234027086203
2004-05-30,875.8020833333334,5.789510647874521,788.4895833333334,1212.1875,1383.9270833333333,656.7604166666666,23.715624948342583,31.282291730245003,0.8442045406261095
2004-05-31,1006.9583333333334,11.017640153008209,976.9583333333334,974.34375,1663.2083333333333,868.1666666666666,22.796874960263626,42.86875009536734,1.111294893179309
2004-06-01,1135.4895833333333,12.375754935883853,1021.7847222222221,896.71875,1881.4270833333333,1066.75,20.332291622956667,66.1451389127307,1.5333505828690772
2004-06-02,977.3333333333334,7.253570809397238,856.5729166666666,1008.9166666666666,1697.9375,823.0833333333334,23.891666690508625,52.67499973376587,1.477986098992557
2004-06-03,991.5729166666666,10.969812841875934,986.6215277777792,958.3784722222221,1729.1701388888875,992.59375,23.30069433980525,45.93993061780921,1.2181807907277913
2004-06-04,967.5625,9.491596806920226,938.6666666666666,1001.5416666666666,1643.03125,833.1770833333334,23.3947916229565,39.429166714350416,1.0900862091349683
2004-06-05,962.4895833333334,8.006616693924745,891.1041666666666,975.0,1660.3125,852.3333333333334,23.8729166785875,45.05833335717512,1.2747655837838137
2004-06-06,849.8402777777779,4.920018901404343,751.7673611111113,1138.9201388888875,1516.3402777777792,629.1423611111112,21.89756953716271,48.71250023444492,1.1993105502937682
2004-06-07,973.7708333333334,12.475820377492063,1031.6666666666667,919.84375,1756.125,957.1458333333334,25.55312490463246,37.70104177792863,1.1236079181503746
2004-06-08,1069.3854166666667,14.457912988656204,1086.40625,870.4375,1861.2604166666667,1095.5833333333333,27.319791575272877,38.34479175011308,1.255927977131168
2004-06-09,1122.0625,14.90715019243266,1114.03125,803.34375,1872.3958333333333,1179.1770833333333,29.437500139077414,35.847916752099955,1.3138697233411452
2004-06-10,1121.3333333333333,14.82182601962719,1114.4479166666667,794.3125,1880.3229166666667,1127.8333333333333,29.025000015894708,36.66875000794733,1.3289516895622013
2004-06-11,1035.1527777777792,13.036072142160128,1056.100694444446,850.9826388888887,1732.28125,1048.8819444444446,28.420138849152377,29.57812509271829,1.0332933331662646
2004-06-12,1023.21875,8.302706034479456,901.4270833333334,894.15625,1616.5104166666667,868.03125,27.324999948342626,33.56250000000004,1.1616199862927277
2004-06-13,846.375,2.9769353745107736,641.5625,1263.1354166666667,1395.0833333333333,498.1145833333333,22.294791718324124,42.84166661898288,1.1434942148796694
2004-06-14,878.7291666666666,4.957292798078589,736.03125,1185.1770833333333,1494.0486111111125,600.1493055555554,22.180902779102414,43.88472216659117,1.153882878308644
2004-06-15,999.5416666666666,11.99048154403483,1010.9375,900.3020833333334,1744.1666666666667,935.78125,26.586458206176747,36.06458336114888,1.16864752834049
2004-06-16,1059.3576388888875,11.741713160814959,1015.3472222222208,822.4444444444447,1787.2291666666667,932.8541666666666,25.94409713480204,41.97708327902688,1.3132612182819352
2004-06-17,1048.75,11.911003372742755,1022.71875,823.9166666666666,1794.8333333333333,1007.6145833333334,25.288541674613835,42.62395834922788,1.3121119048192664
2004-06-18,1042.75,12.476529407042099,1035.4791666666667,825.21875,1800.03125,961.59375,28.233333269755082,38.00937501589454,1.3521075343975684
2004-06-19,987.5694444444431,7.858279760371005,878.5098824786327,914.6127136752139,1644.013087606839,771.3880876068378,29.300534209125086,36.189770362825655,1.34404834490764
2004-06-20,870.875,5.238202715661036,732.9038461538462,1133.0384615384617,1515.1057692307693,598.1057692307692,26.15865406623269,41.196154245963385,1.2364547252954374
2004-06-21,917.5798611111112,9.299702667316813,917.5098824786324,954.0224358974359,1601.502670940171,764.2630876068375,24.510603719796975,36.76303444509817,1.0254569823409676
2004-06-22,1023.6423611111113,12.663372027657879,1031.1666666666667,842.71875,1765.663194444446,1001.4652777777779,25.508333245913207,37.974652806917796,1.16236158994282
2004-06-23,1080.03125,13.320105407316776,1060.96875,786.4895833333334,1815.09375,1116.21875,27.218750059604705,36.50937487681704,1.2278438799477076
2004-06-24,1042.0,8.934649732516343,913.9479166666666,846.1215277777779,1721.9166666666667,843.9965277777792,27.800694505373666,41.32569440868166,1.4347821631304865
2004-06-25,1013.0416666666666,10.713113822796757,986.3645833333334,833.9270833333334,1679.84375,933.84375,27.87916670242946,33.699999918540335,1.1600254445174756
2004-06-26,981.0104166666666,7.768927678566807,877.0416666666666,913.3645833333334,1567.6979166666667,869.7291666666666,28.094791630903917,32.23749992251404,1.1505751421889105
2004-06-27,984.1979166666666,7.330741642776921,858.6493055555553,921.2569444444447,1593.631944444446,846.9583333333334,31.232985986603584,33.676041563351795,1.3508977827807838
2004-06-28,1098.15625,12.670613122964795,1040.6041666666667,786.46875,1797.8333333333333,1042.1979166666667,31.093750079472795,33.192708492279,1.386707169384593
2004-06-29,1164.0104166666667,13.967552073341126,1081.9583333333333,731.1458333333334,1919.2083333333333,1169.9583333333333,31.12916656335196,37.059374868869746,1.5999817715753297
2004-06-30,1155.9444444444446,13.606973481519757,1080.2013888888887,719.5416666666666,1898.368055555554,1257.5486111111113,31.606944203376752,38.64548624224133,1.6796113074830616
2004-07-01,1130.4166666666667,12.22425694352546,1038.40625,740.8125,1854.0520833333333,1059.5104166666667,30.442708313465044,39.68749998013171,1.624111700083337
2004-07-02,1097.71875,11.764473264269647,1021.9305555555553,767.8611111111113,1757.9097222222208,1031.2743055555554,30.194444411330792,33.77569438351521,1.3643468417931892
2004-07-03,989.7708333333334,8.221747571321488,899.6145833333334,866.34375,1563.8645833333333,857.1041666666666,28.712500055631082,31.892708261807794,1.1293773524731445
2004-07-04,956.6979166666666,6.143370668737581,810.3854166666666,932.8229166666666,1527.2083333333333,752.2604166666666,29.06666660308846,35.59062491854038,1.2523537925157722
2004-07-05,1057.319444444446,11.811000386749356,1011.6111111111126,802.5381944444447,1690.6909722222208,1047.7847222222208,29.558680448267168,31.008680638339666,1.160164002654482
2004-07-06,1120.4166666666667,14.648171523586967,1106.3020833333333,743.625,1777.6875,1308.125,30.529166837533378,31.14791656533875,1.2025008499718226
2004-07-07,1167.5138888888875,15.343545001242417,1128.461805555554,722.8020833333334,1770.1354166666667,1402.0,32.380902793672334,25.41250008013515,1.1090094430563828
2004-07-08,1207.6354166666667,14.526608376007891,1109.5833333333333,697.4270833333334,1778.1041666666667,1383.9895833333333,32.47395825386054,28.20208337903021,1.285520928498354
2004-07-09,1055.0104166666667,10.802409425242338,990.375,801.3958333333334,1642.3020833333333,901.3645833333334,28.996874948342626,31.215625007947335,1.1824866603668303
2004-07-10,918.0104166666666,6.399008647752283,822.0694444444447,942.6736111111126,1487.3576388888875,636.4756944444446,26.618055529064666,35.73472223016946,1.1443101273073093
2004-07-11,894.1041666666666,5.40933505847164,768.3229166666666,998.6145833333334,1447.8541666666667,627.7604166666666,25.762499928474373,36.09999996423716,1.113672500850161
2004-07-12,960.7916666666666,8.812114595075572,907.2083333333334,870.46875,1582.0729166666667,867.9270833333334,22.751041650772166,40.791666785875876,1.0953648606214685
2004-07-13,971.8784722222221,12.257411963963392,1022.0798611111113,823.8159722222208,1627.8576388888875,1061.934027777778,24.890277710225792,34.71909715069666,0.9625082564129142
2004-07-14,1003.65625,13.749005488242524,1081.6979166666667,787.1354166666666,1648.2604166666667,1122.8020833333333,27.600000023841915,28.46874995032938,0.9359563218720267
2004-07-15,1033.2048611111125,12.541481157449013,1040.4479166666667,775.4479166666666,1664.9722222222208,1013.8854166666666,27.857638869020622,32.600694417953456,1.1326606864818445
2004-07-16,1033.90625,12.399882522411604,1034.03125,788.3541666666666,1643.1041666666667,1039.0,28.62708340088525,30.991666684548125,1.1031667164753192
2004-07-17,1010.8854166666666,8.617153928371488,916.7916666666666,827.1979166666666,1505.7083333333333,962.5,29.821874976158085,29.22395834326746,1.0802998184270705
2004-07-18,990.6111111111113,6.0432116383318695,805.2395833333334,913.4652777777792,1416.555555555554,775.8645833333334,30.546527657243875,26.90138893657267,1.0428644953983042
2004-07-19,1128.4270833333333,12.141438406360878,1027.1354166666667,749.9895833333334,1660.4895833333333,1180.3020833333333,31.13645829757054,28.80312522252404,1.185516042459352
2004-07-20,1189.09375,13.979164998307793,1089.6875,689.4166666666666,1745.4791666666667,1280.1770833333333,32.22083342075346,29.23333324988675,1.2628894892700022
2004-07-21,1181.0486111111113,12.956268070804946,1058.1875,705.7638888888874,1731.7222222222208,1197.3055555555554,32.36284722222221,30.8121528062555,1.3389562979686043
2004-07-22,1216.1458333333333,14.88516113258539,1120.1458333333333,659.34375,1830.4791666666667,1354.9895833333333,32.99791651964191,33.087500015894626,1.454989517370713
2004-07-23,1134.586805555554,13.22893888114981,1074.3611111111125,688.4895833333334,1780.2673611111125,1220.194444444446,32.556944469610876,31.853472123543416,1.3979473861225633
2004-07-24,1046.78125,7.268342668108307,857.96875,802.75,1640.5,868.2604166666666,30.1135418017705,39.881250123183044,1.6297511318600393
2004-07-25,932.15625,3.6337392167897438,677.1979166666666,1040.15625,1514.53125,581.1979166666666,26.76041658719375,49.760416666666664,1.6898808923467186
2004-07-26,982.8715277777779,7.862648897037606,876.5347222222221,868.8472222222221,1606.6909722222208,806.3506944444447,30.10104162825479,35.609374880790746,1.4415650531210806
2004-07-27,921.625,7.089727255013294,850.3645833333334,882.1041666666666,1509.6354166666667,758.3958333333334,28.01666655143096,32.47187497218446,1.1796486027980977
2004-07-28,955.9479166666666,11.10847827093616,993.5520833333334,813.1875,1550.84375,908.6979166666666,28.37916654348375,26.457291662693084,0.9354404530280064
2004-07-29,1019.0069444444447,11.28726822433999,999.6319444444447,769.21875,1596.006944444446,935.0451388888887,29.456597149372044,28.301388853126042,1.0829432860210335
2004-07-30,1086.3958333333333,12.115179459225944,1034.4583333333333,704.6875,1744.5208333333333,1008.90625,30.021874984105498,37.0437500278155,1.4482433811569113
2004-07-31,1041.344202898551,9.218723887954395,936.1485507246379,769.4384057971013,1658.3949275362304,867.3079710144925,31.088768267977,38.12898541187904,1.569213933599408
2004-08-01,974.0625,5.819122187312151,792.4479166666666,879.8958333333334,1558.8645833333333,670.3645833333334,30.653124908606205,42.12083349625262,1.6735229037482693
2004-08-02,1055.0625,9.236921152091018,930.7916666666666,768.75,1709.3854166666667,763.7604166666666,30.53854175408675,43.63333316644034,1.7645305175805372
2004-08-03,1099.1875,10.146868014855894,958.4791666666666,733.5972222222221,1768.2534722222208,898.90625,30.706944386164334,41.35138894451983,1.7445685498301957
2004-08-04,1036.3854166666667,8.513987887737104,901.8958333333334,768.0520833333334,1697.9166666666667,871.9895833333334,30.581250051657335,42.06354143222179,1.7195194647923289
2004-08-05,1046.006944444446,7.613645528179393,869.2118055555553,772.53125,1683.8715277777792,899.8125,26.29791672362229,56.64791669448213,1.8006338062428056
2004-08-06,1079.0416666666667,10.455669790337916,980.7604166666666,698.2395833333334,1803.8541666666667,1104.1354166666667,26.483333289623207,58.03229194879529,1.8899762679151821
2004-08-07,927.7083333333334,6.620751912105878,829.375,838.1145833333334,1607.90625,772.90625,29.102083265781335,46.35729171832404,1.71552928948829
2004-08-08,935.0173611111113,4.95957928811402,752.2083333333334,904.7847222222208,1576.2534722222208,665.3506944444446,28.046180691984002,50.14513884650329,1.8238550574684063
2004-08-09,1019.341666666665,8.13254175434252,890.2083333333336,769.9875,1700.0125,926.2916666666649,28.17708333333325,51.023333199819,1.8443463607559294
2004-08-10,1064.125,8.90198531709787,920.0833333333334,747.9583333333334,1706.1041666666667,943.2916666666666,31.54791663090383,43.88124974568688,1.854700515761878
2004-08-11,1057.850694444446,7.1232583366907605,855.2604166666666,778.3541666666666,1700.2083333333333,868.9097222222208,31.4996527963215,46.00381931331421,1.9978191491103896
2004-08-12,1001.0625,6.703647948278406,834.3958333333334,824.3958333333334,1684.21875,762.1354166666666,30.733333369095998,47.589583118756586,1.9789326164532046
2004-08-13,924.9027777777779,5.146065262121642,760.375,935.9548611111113,1558.413194444446,598.59375,29.80729161368488,44.46805574496596,1.7402351182416254
2004-08-14,905.9479166666666,4.353162060705729,722.8541666666666,954.21875,1502.9375,609.5833333333334,29.954166670640248,41.792708337306955,1.6434034472870735
2004-08-15,847.2395833333334,3.81340796607833,693.1770833333334,1033.2395833333333,1406.3333333333333,609.3541666666666,29.814583301544086,37.76979164282488,1.414452679876703
2004-08-16,891.2569444444447,5.98941141780955,797.5729166666666,939.2326388888887,1410.2708333333333,706.9583333333334,30.070833279026917,30.233680443631332,1.1699809501730152
2004-08-17,986.1041666666666,6.728279910164098,828.4791666666666,845.5416666666666,1484.3541666666667,811.7708333333334,30.39166657129917,33.84687499205271,1.3470932214853537
2004-08-18,998.4791666666666,6.8903243312563065,847.375,811.2395833333334,1550.9166666666667,801.28125,29.844791491826456,37.41041670242946,1.5247343642010078
2004-08-19,998.7013888888887,5.905990560088711,798.0763888888887,842.6631944444458,1611.1736111111125,727.5451388888887,32.22916660043929,41.39618070920309,1.8804756050700238
2004-08-20,982.46875,5.757394853267783,786.8541666666666,856.2395833333334,1609.6354166666667,687.0833333333334,30.62499990065896,45.25312513113025,1.9148014619408829
2004-08-21,851.4965277777779,4.1767128405627,712.5520833333334,1014.9618055555553,1383.006944444446,543.8333333333334,26.797569447093498,37.681597212950415,1.2938493721711761
2004-08-22,854.6041666666666,5.0099915224377165,757.0729166666666,958.8125,1380.4375,689.78125,27.54583342870083,38.43541663885115,1.215429119373662
2004-08-23,893.3229166666666,6.30150153087991,812.1979166666666,888.0520833333334,1412.6145833333333,726.375,28.00625006357825,34.8270833988985,1.1987147236092395
2004-08-24,967.8125,7.213756387220368,852.9305555555542,816.8715277777779,1468.5,808.2083333333334,27.982291579246503,35.986805558204665,1.2742768287039694
2004-08-25,1014.5833333333334,7.714094765433326,872.3125,768.6354166666666,1595.6458333333333,812.7916666666666,28.61979160706204,42.14583331346517,1.5917839072128823
2004-08-26,841.1240942028985,3.147750315245416,657.6906702898551,1030.4705615942028,1310.3242753623188,626.164402173913,23.090262547783198,48.30371415960591,1.3401185656920693
2004-08-27,836.8586956521739,3.4603827410640844,679.1195652173914,964.9076086956521,1337.5869565217392,728.2717391304349,21.080978196600164,55.0543475773025,1.3503668284971606
2004-08-28,932.8505434782609,6.110405745163658,806.429347826087,848.4134963768116,1441.9116847826087,740.0846920289855,26.876675866652203,41.65131331872254,1.3526889615338649
2004-08-29,987.2708333333334,6.583603081181988,826.5173611111113,790.9548611111113,1530.9479166666667,755.96875,27.521875050332834,45.0003471043375,1.5171946722346077
2004-08-30,1066.9895833333333,10.724665279294536,973.65625,709.6458333333334,1671.6770833333333,905.7916666666666,27.078125079472752,46.15416655937825,1.575100253274756
2004-08-31,1070.15625,10.783140052725384,980.6875,692.25,1684.84375,928.84375,27.293749968210875,46.172916829585965,1.5827382265020546
2004-09-01,1060.4826388888875,12.92106387084769,1050.0833333333333,678.4236111111112,1683.4166666666667,1021.3506944444458,27.05833326445679,42.0902776320775,1.3834789861360821
2004-09-02,1084.0972222222208,13.4884731647618,1072.569444444446,668.8229166666666,1675.1111111111125,1137.1354166666667,28.91111118263675,38.079166531562834,1.3910231309364491
2004-09-03,1129.6041666666667,13.542627047521188,1069.277777777778,658.7777777777779,1689.8020833333333,1213.3645833333333,29.98159709903925,37.22604163156617,1.4423174457472356
2004-09-04,1076.09375,9.160637167347046,938.2083333333334,716.3541666666666,1511.6041666666667,956.34375,30.365625123182955,34.643750091393706,1.3665929112937656
2004-09-05,928.0,5.716906045649403,761.8333333333334,976.0833333333334,1288.7083333333333,645.6770833333334,29.216666599114706,27.228124976158124,1.0574269757766899
2004-09-06,978.4166666666666,6.062694032579785,794.4791666666666,875.2083333333334,1390.8888888888875,731.0104166666666,26.642708347903454,36.39791676070963,1.2265093332289965
2004-09-07,1023.695652173913,9.714333756801633,945.5760869565217,768.6630434782609,1473.5434782608695,927.195652173913,27.527173871579347,33.39456520909844,1.1535588201943512
2004-09-08,1257.857142857143,19.5165760601999,1268.0714285714287,884.25,1453.4285714285713,1462.892857142857,27.203571455819144,27.367857115609144,0.956251864454139
2004-09-09,1113.28125,13.541400460864077,1066.4583333333333,951.3854166666666,1460.1041666666667,1211.3958333333333,28.513541758060498,26.559374998013208,0.9646723220133331
2004-09-10,1080.3229166666667,11.5780330427097,1009.3541666666666,910.6875,1446.90625,1020.1423611111113,27.917708403534334,30.607291751437753,1.0772736528533313
2004-09-11,1107.6770833333333,9.096306678529258,927.96875,880.3125,1427.5208333333333,942.1458333333334,27.21354162693021,35.54166664679846,1.2052735486835664
2004-09-12,1158.8229166666667,8.185005408442478,884.1631944444447,837.1701388888887,1570.086805555554,1017.7395833333334,24.653472224871333,55.250347177187706,1.690566484044724
2004-09-13,1206.7291666666667,15.518011466572096,1126.6979166666667,731.1041666666666,1775.75,1259.9895833333333,26.260416626930294,49.9885418017705,1.5848347324602374
2004-09-14,1148.40625,12.232142923391855,1016.1875,775.7395833333334,1716.09375,1094.0,25.201041738192128,55.95312484105434,1.713544030733568
2004-09-15,1205.2986111111125,14.401581196203802,1088.3159722222208,708.2256944444447,1846.5625,1213.5173611111125,22.845486038260916,67.7604166401757,1.846685445795192
2004-09-16,1071.9270833333333,11.689984935559563,1015.4791666666666,781.8020833333334,1656.75,1084.7916666666667,21.42916661500925,61.10624980926525,1.5256088575245175
2004-09-17,945.0659722222221,8.197677770255467,882.8333333333334,980.3472222222208,1439.7673611111125,830.2743055555553,21.799305644300166,48.5229167673323,1.2407281135313502
2004-09-18,933.5729166666666,6.283968555151574,813.875,995.0104166666666,1331.7291666666667,732.3333333333334,24.019791622956586,38.860416571299204,1.1190162270389201
2004-09-19,1044.8020833333333,9.547904815961184,941.40625,824.6145833333334,1492.8541666666667,961.8333333333334,24.82708340883254,43.921875079472834,1.2793418461784054
2004-09-20,1129.8229166666667,14.967809303195878,1095.21875,747.3784722222221,1660.4027777777792,1151.7881944444446,25.56909710831117,43.26770824856225,1.3196220354073451
2004-09-21,1181.7604166666667,15.993065710269185,1124.59375,712.1458333333334,1725.90625,1162.9479166666667,24.717708249886837,47.6114583412807,1.42305761677752
2004-09-22,1166.6145833333333,15.18104758620636,1113.3854166666667,699.3125,1727.9270833333333,1163.4895833333333,24.610416611035706,51.27187512318296,1.4947611705052422
2004-09-23,1159.2361111111113,13.7499520568986,1074.9236111111113,713.0451388888874,1703.34375,1102.3020833333333,25.49930545356546,50.78958340485888,1.5961463678804577
2004-09-24,1136.4270833333333,12.837775618920638,1021.375,787.0625,1652.53125,1052.5208333333333,21.134375095367417,58.60833326975504,1.4395704902527353
2004-09-25,852.9479166666666,5.260516316939787,751.0694444444458,1127.621527777778,1183.7326388888875,640.1631944444446,17.85000003046458,40.98055554760829,0.8099308999542861
2004-09-26,910.6145833333334,6.474679546918427,821.09375,968.4791666666666,1243.2083333333333,778.53125,18.428125053644084,42.44479167461396,0.8546981388818642
2004-09-27,997.5,10.735059110736243,982.7395833333334,813.5833333333334,1392.5104166666667,1012.875,19.016666650772166,42.448958198229455,0.8822392270076977
2004-09-28,1086.53125,15.654795091718503,1114.6423611111125,765.1770833333334,1511.5486111111125,1335.0520833333333,19.89201383458246,42.38749985562438,0.916805866065289
2004-09-29,1122.6770833333333,14.889027016970966,1092.2395833333333,749.7291666666666,1539.5625,1225.4895833333333,20.994791656732584,44.05208321412408,1.0338359335983882
2004-09-30,1267.8125,16.075825009835118,1129.3125,672.59375,1657.8333333333333,1298.1145833333333,21.28645837306979,53.09166673819234,1.3287557362804134
2004-10-01,1315.4420289855075,16.207345470671118,1153.7210144927535,604.373188405797,1769.8152173913043,1366.7536231884055,22.07753628578735,60.22318840026856,1.5639733676760106
2004-10-02,1210.8541666666667,10.441007409458548,983.3229166666666,672.9479166666666,1598.40625,1099.7604166666667,22.811458329359624,57.38750004768371,1.5603432349812554
2004-10-03,1128.131944444446,8.27789786850674,893.4340277777792,750.2048611111113,1525.368055555554,981.9340277777792,23.00104173686771,56.39791668785946,1.5414367257125976
2004-10-04,1198.5625,15.908882451665898,1122.7708333333333,669.5208333333334,1729.1458333333333,1229.7083333333333,22.172916611035628,56.588541428248,1.4520286635364197
2004-10-05,1267.2604166666667,18.218986376688207,1189.4791666666667,643.3229166666666,1763.1979166666667,1378.0520833333333,23.164583226045043,53.54895834128067,1.449501385502284
2004-10-06,1295.375,16.572119830426008,1151.1527777777792,616.8194444444446,1736.3541666666667,1335.03125,22.77326385180154,55.64479168256137,1.4917350110563667
2004-10-07,1307.6354166666667,16.195695845134743,1141.0208333333333,615.4166666666666,1744.1354166666667,1292.21875,23.122916718324003,54.55833347638458,1.4954640487821094
2004-10-08,1287.1770833333333,15.851203235065489,1144.0104166666667,611.15625,1725.5416666666667,1310.0833333333333,23.28541664282479,54.939583341280546,1.5154036580196344
2004-10-09,1340.1215277777792,14.026034877067692,1101.28125,591.3715277777779,1723.9270833333333,1260.1527777777792,24.884374969535333,54.79444426960416,1.6757833092089658
2004-10-10,1112.0520833333333,7.226415409322162,858.21875,762.8645833333334,1547.71875,884.84375,22.080208301544122,66.91666694482167,1.7469978122626133
2004-10-11,1153.413194444446,13.313459935826153,1053.5972222222208,705.6388888888887,1673.2013888888875,1089.086805555554,19.927777793672373,67.12569448682996,1.54031014152528
2004-10-12,941.1041666666666,7.57297771973537,863.1875,859.4791666666666,1380.2708333333333,826.7395833333334,17.749999860922458,57.20208326975504,1.1514919230329794
2004-10-13,875.5208333333334,5.2422509159351085,748.78125,1015.4270833333334,1231.6145833333333,707.9375,15.380208313465252,54.92083334922783,0.9504810496449164
2004-10-14,1004.9826388888874,8.336701587265987,875.0833333333334,872.4548611111113,1400.0277777777792,915.0555555555542,17.79131954908375,55.771528032090835,1.1168721657468055
2004-10-15,1112.3229166666667,12.830895429568793,1039.2291666666667,730.2708333333334,1595.7708333333333,1056.90625,18.327083359162,64.60208340485875,1.3062702156408255
2004-10-16,982.3229166666666,7.097240472957053,851.4166666666666,858.875,1352.399305555554,791.4583333333334,17.419097241428126,62.10659717188941,1.1790556568868493
2004-10-17,931.1354166666666,6.413400435327101,810.78125,926.7708333333334,1314.9270833333333,692.59375,17.962500025828707,55.393750111261916,1.099527117304617
2004-10-18,1158.625,16.214725489992478,1129.8854166666667,697.78125,1634.5833333333333,1204.7604166666667,17.346875001986877,60.38124994436896,1.1775324452264346
2004-10-19,1273.0520833333333,18.218472338576998,1216.375,587.6041666666666,1744.1145833333333,1383.3888888888875,18.214236239592207,67.016319460339,1.3843507262977122
2004-10-20,1472.2604166666667,23.163499341186995,1355.1041666666667,495.4479166666667,1959.2083333333333,1624.1875,21.71666659911475,66.21874980131787,1.692802230412341
2004-10-21,1337.6354166666667,17.83030456759363,1212.7708333333333,558.5208333333334,1830.6770833333333,1368.5520833333333,23.81875004371,60.4729162454605,1.7434854449798927
2004-10-22,1300.53125,17.567705278387418,1189.375,581.0902777777779,1799.631944444446,1431.6944444444446,22.529166645473918,61.660416748788585,1.645662447256102
2004-10-23,1235.6875,13.419789758809182,1079.4270833333333,620.1145833333334,1667.09375,1252.71875,21.680208305517834,62.49895842870083,1.5782938839228728
2004-10-24,1139.7708333333333,10.191256020114647,972.0138888888887,680.6666666666666,1545.40625,1161.6458333333333,21.354861127005666,62.78784754541175,1.5509837811463354
2004-10-25,1307.5,20.048494620838834,1249.2708333333333,563.5208333333334,1826.9270833333333,1482.15625,18.66145832339921,69.74895854791005,1.479437866245864
2004-10-26,1291.8854166666667,19.930159444687085,1243.28125,582.2916666666666,1804.7916666666667,1426.4479166666667,19.531250059604584,66.22187471389775,1.467338592052106
2004-10-27,1141.788194444446,12.867379420116963,1052.9583333333333,666.1805555555554,1638.881944444446,1131.84375,18.431249939733124,72.33854203753997,1.5125032696417404
2004-10-28,1148.5,14.18257944649131,1080.6354166666667,674.90625,1609.9166666666667,1175.7291666666667,18.37604167064029,67.79062513510384,1.4080059372838216
2004-10-29,1153.2604166666667,12.246096715787539,1019.78125,710.6666666666666,1613.4479166666667,1041.1041666666667,19.447916646798333,73.89583313465126,1.65027244799076
2004-10-30,1200.4826388888887,13.77771672417183,1091.5763888888887,635.1701388888888,1659.805555555554,1187.84375,19.561458216773083,71.15937512450746,1.5899346018890512
2004-10-31,1109.7083333333333,9.984320897731669,938.6666666666666,764.375,1600.9583333333333,993.5,20.854166686534793,68.81979187329604,1.6735145990136024
2004-11-01,1243.3645833333333,13.52328630100402,1094.4479166666667,604.3020833333334,1706.0798611111125,1495.6284722222208,21.234375033113707,70.09270836247342,1.7422498012530143
2004-11-02,1308.78125,22.54626542163138,1297.1354166666667,596.8020833333334,1893.3958333333333,1429.90625,20.670833329359667,64.49583327770233,1.5346591294437175
2004-11-03,1155.5625,13.688852305702321,1081.4375,654.03125,1618.4270833333333,1169.59375,21.53541658322017,58.01666645209,1.4421593458412623
2004-11-04,1281.1770833333333,18.904189491111495,1209.9652777777792,605.0104166666666,1747.5763888888875,1332.211805555554,20.585069414642167,62.00381945239167,1.4644010395561367
2004-11-05,1262.53125,17.918892390144137,1178.8229166666667,618.90625,1681.9270833333333,1313.7291666666667,19.341666787862874,62.23333334922796,1.3682581944045886
2004-11-06,1189.3333333333333,12.165835839058973,1034.3020833333333,653.78125,1500.5833333333333,1144.3333333333333,18.28229169050854,63.48229173819234,1.313188999946297
2004-11-07,876.40625,5.192254013104832,747.7777777777779,1016.8194444444447,1113.899305555554,672.9444444444446,15.880208303530921,45.860069447093416,0.8194886818419079
2004-11-08,906.78125,8.446764104453203,848.1145833333334,988.7604166666666,1155.75,804.8645833333334,11.11666669448217,50.616666634877454,0.6623267972976862
2004-11-09,1000.7847222222208,10.379792580233378,950.0173611111113,837.1388888888887,1233.086805555554,1016.8784722222221,8.033333328862978,64.78402805328379,0.6867151056822202
2004-11-10,961.3333333333334,7.768284458064241,843.1354166666666,948.1770833333334,1210.84375,836.09375,8.748958364129082,71.81458310286204,0.8065720165480798
2004-11-11,1134.375,13.10966671484264,1061.15625,680.3229166666666,1415.8854166666667,1140.0104166666667,10.721874947349233,75.70520830154418,0.9764951699316199
2004-11-12,1009.4305555555542,7.825031180045978,858.09375,840.78125,1310.71875,882.1736111111113,15.278819438484,61.90729150507183,1.0651966599448366
2004-11-13,1053.3229166666667,7.891148640791671,869.2604166666666,800.125,1303.5104166666667,924.0520833333334,17.33125002185504,53.84270850817362,1.0489450204990391
2004-11-14,724.6979166666666,1.4312436996118325,524.4895833333334,1678.6875,875.5729166666666,379.9583333333333,10.352083340287178,44.3072916467985,0.5514808117395517
2004-11-15,842.0104166666666,6.26023234324066,775.9131944444447,1102.8888888888875,1010.7465277777779,715.8576388888887,11.961805631717084,35.07222215334575,0.4886844730572715
2004-11-16,996.6875,9.947217318674069,926.125,910.46875,1147.5520833333333,1023.8020833333334,13.307291696469042,36.1989582975705,0.532282161119884
2004-11-17,1191.6597222222208,14.754572406710723,1073.8888888888875,730.9756944444447,1320.805555555554,1389.2916666666667,10.939236033293929,51.693403005599954,0.6634101057623126
2004-11-18,1226.5208333333333,14.360867473627556,1098.2916666666667,645.3958333333334,1419.2291666666667,1363.75,12.752083336313499,60.87499996026358,0.8927897293951995
2004-11-19,1165.8020833333333,12.585646336645283,1014.2916666666666,727.2916666666666,1421.9375,1165.9270833333333,15.85833332935971,53.78125005960462,0.974717922814206
2004-11-20,904.2847222222221,8.98438773646481,909.2222222222221,946.7604166666666,953.7430555555553,1015.7673611111113,10.789583335320161,26.432291630241625,0.3234573917645689
2004-11-21,993.78125,7.264181873947716,857.4791666666666,883.8645833333334,991.9895833333334,1147.6770833333333,7.638541708389887,42.91354155540471,0.4268818929457238
2004-11-22,1265.7708333333333,20.614294507616716,1239.7465277777792,644.4826388888888,1332.8611111111125,1719.7048611111125,6.451041673620545,54.32500018013841,0.530052429465783
2004-11-23,1513.2083333333333,23.840736068044254,1353.1041666666667,511.8125,1731.0625,1795.2916666666667,10.731250062584747,75.31354165077212,0.9716575938437106
2004-11-24,1294.75,16.301478198906935,1158.84375,591.9270833333334,1518.21875,1458.6666666666667,11.241666699449278,75.32187489668533,0.9964390470915374
2004-11-25,1177.0972222222208,13.832408469059025,1100.368055555554,645.75,1321.8611111111125,1309.4722222222208,10.019097228844933,63.455902655919374,0.7452976564875562
2004-11-26,1439.4583333333333,20.479399017908463,1267.78125,568.8229166666666,1628.8541666666667,1697.96875,12.494791686534905,66.78749978542334,0.9640204621619382
2004-11-27,1426.0,15.64775580840566,1157.15625,629.34375,1562.8854166666667,1519.0,13.768750081459624,75.31354133288063,1.1800170468165747
2004-11-28,1090.246527777778,7.187324647017838,839.5,834.3125,1237.3784722222208,1025.184027777778,10.640277793010142,72.66458345784079,0.9286993737928393
2004-11-29,1198.9166666666667,11.625386316447122,1000.28125,813.2291666666666,1401.3854166666667,1233.7083333333333,13.770833343267412,67.26145839691155,1.0333668247899654
2004-11-30,1127.086805555554,10.893830862100785,962.2534722222208,981.8958333333334,1395.59375,1013.7708333333334,12.99409725268687,71.59409713745124,1.065851056939104
2004-12-01,1173.2395833333333,13.428143289323303,1050.4166666666667,1490.28125,1448.5416666666667,1196.1875,10.895833263794671,76.99583323796593,1.0028046092933947
2004-12-02,1305.4270833333333,17.861882261588903,1182.40625,886.4895833333334,1639.90625,1374.3333333333333,14.471874952316208,71.227083603541,1.1634256315887181
2004-12-03,1314.180555555554,16.097453770180806,1147.8298611111125,595.1041666666666,1643.381944444446,1348.9965277777792,15.248263825972876,76.96736123826771,1.318667591563854
2004-12-04,1133.1145833333333,9.123215095205627,939.03125,705.8020833333334,1371.4270833333333,1039.8020833333333,12.489583313465126,81.1041666666667,1.1709540906747251
2004-12-05,941.75,4.133186752371462,707.3333333333334,958.0833333333334,1175.25,773.8958333333334,12.412499994039543,71.88125002384187,1.0307765420531507
2004-12-06,1107.215277777778,11.201935467672996,982.34375,748.6111111111126,1419.7951388888875,1126.2569444444446,15.362847291760916,63.71423611376013,1.0901516348008364
2004-12-07,1119.0520833333333,10.966725035977632,984.1354166666666,789.2916666666666,1369.59375,1159.6354166666667,14.860416730244916,60.48750007152558,1.0074833427937326
2004-12-08,1092.8229166666667,7.053466298797418,849.0277777777779,840.8784722222221,1258.7013888888875,1010.5833333333334,14.348611093229708,64.53819453716271,1.043487831169931
2004-12-09,934.1770833333334,4.894793915261319,732.1041666666666,1207.0520833333333,1139.9791666666667,749.1145833333334,14.532291720310958,55.377083420753586,0.9126207846849725
2004-12-10,875.6770833333334,6.681137901275367,803.8854166666666,1452.0208333333333,975.3854166666666,764.3333333333334,14.283333371082959,29.63854169845575,0.4713876673159762
2004-12-11,997.8645833333334,8.289636990987283,895.4618055555553,859.5034722222221,1024.3402777777792,1031.1875,13.430902770823897,31.155902703603207,0.45885258463595885
2004-12-12,1159.5208333333333,11.27728034718801,1008.5625,713.6458333333334,1185.0833333333333,1340.65625,9.973958358168687,51.627083559831,0.6170598658706908
2004-12-13,1258.3645833333333,17.010238837287055,1149.5520833333333,768.3125,1358.4895833333333,1559.9791666666667,10.103125045696883,56.785416762034124,0.6927475089494944
2004-12-14,1324.076206140351,18.772254318957778,1221.5522660818713,611.1478435672516,1500.3112207602353,1615.381761695905,11.817178139038413,60.78081143738937,0.8244006536293532
2004-12-15,1509.983552631579,24.39587644966022,1408.078947368421,486.5559210526316,1716.9473684210525,1814.608552631579,15.91480203992487,53.3917765993823,0.9483189179532276
2004-12-16,1431.1940789473683,20.98734444176446,1315.8684210526314,519.2401315789474,1642.421052631579,1633.8190789473683,14.825328566526553,59.59703963681283,0.9862233207140042
2004-12-17,1335.423245614035,16.70748294679586,1192.576754385965,570.1463815789474,1542.6502192982455,1413.6211622807016,13.678453771169094,66.55537277146395,1.0312605717836132
2004-12-18,967.6875,7.729134515894084,864.28125,952.4375,1060.84375,866.9375,12.313541680574383,44.88437505563104,0.6207490547134357
2004-12-19,1085.90625,9.490109178825957,934.1145833333334,807.8645833333334,1117.5381944444446,1085.7986111111113,5.284027769333788,62.75347219573117,0.5617550385908799
2004-12-20,914.34375,5.2305891482443,753.2395833333334,995.0416666666666,1015.0208333333334,755.84375,8.704166680574412,53.719791730245,0.608051389997912
2004-12-21,922.3645833333334,8.272461312184424,864.1736111111126,1008.8923611111113,976.40625,878.1770833333334,6.669097284475971,38.66493060853742,0.38022720824949446
2004-12-22,974.15625,7.77835695797619,870.0208333333334,911.5520833333334,960.6875,988.6770833333334,6.606250012914317,40.78333324193946,0.3953274637913003
2004-12-23,1223.09375,15.388988152742739,1108.34375,697.0625,1221.1770833333333,1545.4583333333333,5.732291651579271,49.10312509536741,0.44739832512901995
2004-12-24,1385.8508771929842,16.34472183055843,1178.2894736842106,554.5394736842105,1348.8684210526317,1955.6447368421052,7.128947370930663,58.235087679143575,0.5934826371795087
2004-12-25,1439.1354166666667,13.102757139441037,1080.8229166666667,567.3020833333334,1389.1041666666667,1781.6458333333333,10.264583359161962,69.88645859559367,0.8747541394770115
2004-12-26,1079.7083333333333,4.774871740199001,723.7083333333334,919.25,1216.3854166666667,830.2708333333334,12.045833319425626,74.79375012715654,1.0445335494442447
2004-12-27,1056.3958333333333,5.791382217213543,783.0694444444447,837.7743055555542,1214.8125,850.7847222222221,12.550347185797124,65.45868052376642,0.9473107199364815
2004-12-28,1120.46875,9.45055921849571,922.1979166666666,735.625,1293.4375,1013.2083333333334,11.334374984105471,64.53854171435029,0.8551348440087816
2004-12-29,931.1145833333334,3.8717335497641474,691.4201388888887,930.9305555555553,1059.0902777777792,714.2013888888887,10.31666661964522,59.11041665077217,0.7321957938145566
2004-12-30,877.28125,4.059591832037809,697.40625,1005.84375,933.09375,656.9270833333334,9.783333321412425,40.56979155540467,0.4866938924091689
2004-12-31,900.1145833333334,4.0771595544862445,696.1666666666666,1016.0625,915.0208333333334,717.6354166666666,9.349999999006657,39.33958325783413,0.45532961053058923
2005-01-01,1114.1388888888875,7.173114038070932,853.6840277777779,782.3993055555553,1032.4826388888887,1226.288194444446,6.8725694724255035,50.808680501249086,0.4989750175803164
2005-01-02,1124.1145833333333,6.958702919006299,837.5184748427673,779.8922955974843,1090.871462264151,1306.778498427673,6.795243739097768,59.197051716300564,0.5803577776114991
2005-01-03,1285.0,10.837448784655102,998.6037735849058,624.4056603773585,1254.9056603773586,1754.5377358490566,8.650943531180355,61.5047175209474,0.6938206878311104
2005-01-04,1189.0,7.473515277148816,866.377358490566,690.066037735849,1200.566037735849,1368.2735849056605,9.194339671224927,66.62169830754107,0.7785052239913446
2005-01-05,1333.84375,13.2198995083179,1072.4378930817609,573.4901729559748,1414.802672955975,1503.4622641509434,11.20009830237931,66.0056997815018,0.8789941760120331
2005-01-06,1109.1354166666667,6.223071186848475,811.3680555555553,758.6180555555553,1226.461805555554,963.3784722222208,13.448958386977543,61.06354161103567,0.9321398863134197
2005-01-07,1192.0729166666667,10.717526952968953,964.96875,690.5208333333334,1305.4375,1197.125,8.455208361148797,72.04166658719379,0.7939033014684352
2005-01-08,1243.90625,10.921651184402407,988.2604166666666,653.4895833333334,1304.6770833333333,1336.34375,10.385416641831409,65.75729187329613,0.8240796101743827
2005-01-09,1122.1736111111113,6.812798614240992,822.3923611111113,756.4965277777779,1257.649305555554,939.3993055555553,14.428472171227083,59.00347197055817,0.9614509043096148
2005-01-10,1279.53125,12.53982761078347,1032.2291666666667,607.5729166666666,1482.78125,1295.71875,13.320833325385957,68.64062523841854,1.0445811953476385
2005-01-11,1299.8333333333333,13.775912313809831,1072.375,592.375,1449.4375,1392.6666666666667,12.789583285649542,64.09270850817354,0.9414164410572198
2005-01-12,1301.9409722222208,15.328880047456202,1135.6736111111113,556.0,1489.0798611111125,1455.788194444446,11.96215272612043,65.68298610051467,0.9053323508205384
2005-01-13,1218.6458333333333,12.502649678270153,1043.59375,623.7395833333334,1366.4479166666667,1308.1770833333333,9.99062500894071,69.56250039736429,0.8472289630820082
2005-01-14,1234.1284722222208,13.957225073064246,1083.1979166666667,615.6875,1365.180555555554,1338.9652777777792,8.088541671633687,71.72951422797308,0.7729044043134538
2005-01-15,1153.7708333333333,10.495213508264195,977.3333333333334,691.9583333333334,1210.375,1260.5104166666667,6.4312500134110335,70.201041897138,0.6710397422063111
2005-01-16,960.03125,5.15183347634024,753.859375,920.515625,966.390625,882.71875,7.071875002235093,52.390624850988374,0.5077725630194924
2005-01-16,932.5625,4.661275016202987,740.1875,946.65625,911.6875,787.25,8.431249976158188,38.55312514305125,0.4257066743343075
2005-01-17,1120.9305555555554,12.69861379551981,1008.8923611111113,756.9618055555542,1163.215277777778,1326.621527777778,6.660069471432141,46.915277606911125,0.44691177638668145
2005-01-18,1271.90625,14.628086032111286,1078.7291666666667,667.2291666666666,1306.25,1494.46875,5.282291658222708,66.2687500317893,0.60796367842488
2005-01-19,966.5347222222221,4.624420366480096,727.5173611111113,916.1145833333334,1072.3125,762.2673611111113,7.823958274390967,64.99409728580055,0.6894898429492571
2005-01-20,1090.03125,10.61249360806169,947.28125,782.3333333333334,1136.6041666666667,1152.6875,10.068750033775926,44.24999994039525,0.5263340902437393
2005-01-21,1379.2395833333333,17.15900343188687,1180.75,560.28125,1405.9375,1756.4270833333333,9.090625017881441,59.06979191303259,0.6830506757805229
2005-01-22,1283.163194444446,13.913514687977894,1105.4479166666667,600.7673611111112,1283.2847222222208,1468.7847222222208,9.93715283440225,55.85138901074729,0.6523584845657507
2005-01-23,1044.7395833333333,5.901645867260963,795.125,845.9375,998.6875,1027.5625,5.8197916746139535,53.87812507152562,0.5013980822781162
2005-01-24,967.15625,5.419956404144568,761.8333333333334,909.0729166666666,977.3333333333334,794.7708333333334,7.668750002980217,47.88333328564963,0.4938074717508824
2005-01-25,855.9166666666666,2.785928235963695,611.2881944444446,1164.2534722222208,869.2430555555553,527.1770833333334,4.509027770823904,50.96909716394208,0.432303189394542
2005-01-26,870.9583333333334,3.237000379314227,636.0729166666666,1129.8958333333333,872.875,567.6979166666666,4.213541646798454,49.47708328564963,0.4119339450238361
2005-01-27,911.7777777777792,4.341410372255506,703.3125,997.0590277777779,870.6979166666666,691.4756944444458,5.267708326379455,39.61493040455721,0.3543272236227575
2005-01-28,919.3382352941177,4.047356185297786,695.5539215686276,979.1421568627454,884.8970588235294,688.5294117647059,3.977450976184759,48.45588250253718,0.39795784772088366
2005-01-29,857.7727272727273,2.1182441300698835,583.375,1136.0,806.8181818181819,474.2613636363636,2.6113636364991017,49.34204552390341,0.36797877038909255
2005-01-30,864.6423611111113,1.9655544491948895,573.6840277777779,1136.71875,763.6909722222221,474.39236111111126,4.848611128826933,37.832985997200005,0.32500567184984047
2005-01-31,1084.5,10.981041041665138,939.7916666666666,842.1770833333334,1001.40625,1184.1666666666667,7.273958322902509,31.809374829133333,0.3119651163868305
2005-02-01,1250.0208333333333,11.993678717953905,1016.4270833333334,644.6875,1184.1875,1558.9270833333333,6.616666688273334,51.73437519868212,0.5041909040631295
2005-02-02,1177.0902777777792,12.22165857301008,1023.9826388888887,663.9444444444446,1132.1388888888875,1392.8125,7.613194489644613,43.930902878443504,0.4263320839736972
2005-02-03,1243.8229166666667,12.57354139271768,1026.9791666666667,649.65625,1212.15625,1528.6041666666667,7.2520833226541255,50.9666665792465,0.5132453759951955
2005-02-04,1091.0416666666667,8.475630983479595,897.1284722222221,731.2361111111113,1081.6770833333333,1163.3402777777792,7.473611070877979,50.166319469610876,0.49602130509636116
2005-02-05,1000.59375,5.398053419961367,774.9479166666666,844.8645833333334,926.71875,923.375,5.571874979883429,46.6041670242945,0.4109419376182942
2005-02-06,920.9583333333334,3.2828027491265512,661.375,987.7604166666666,821.65625,735.84375,5.310416659805987,39.594791769981335,0.34374349819258015
2005-02-07,981.1875,4.719451542854401,727.2743055555553,899.0,873.1284722222208,813.5520833333334,7.307986095547675,35.39687520265571,0.35299003411844626
2005-02-08,991.2073863636364,5.012223861743606,735.3267045454545,913.8285984848485,882.8825757575759,783.0871212121211,10.086269085605979,31.879356227137635,0.3744509204083381
2005-02-09,1088.2564935064936,7.533603342687102,851.6525974025975,801.211038961039,951.948051948052,996.9740259740261,12.308441843305522,27.78798796913809,0.374416729454266
2005-02-10,1268.8798701298701,11.388381285815905,998.301948051948,665.4707792207793,1138.9610389610389,1474.4805194805194,10.71883133479539,37.43474145369082,0.4545565674326666
2005-02-11,1442.2708333333333,14.891925849337971,1133.6666666666667,534.7604166666666,1314.46875,1937.3125,9.069791719317466,47.42916802565259,0.5359474697546934
2005-02-12,1480.694444444446,15.218465823447469,1138.0659722222208,516.1041666666666,1368.743055555554,1898.9652777777792,8.3069444629881,59.14479137791533,0.6482527131008958
2005-02-13,1338.8229166666667,9.720309547997033,952.65625,607.4375,1322.7916666666667,1285.4479166666667,12.854166656732604,60.660416662693045,0.8578830418971718
2005-02-14,1018.1875,8.283096388870687,875.4895833333334,776.53125,1020.6875,937.0729166666666,10.473958348234492,40.69687495628995,0.503754808719185
2005-02-15,948.9722222222221,5.624456403328442,760.4583333333334,936.8125,881.1493055555553,766.21875,8.954861124356617,30.207986103163876,0.3368381981994017
2005-02-16,1128.1145833333333,9.140299226070086,926.125,692.7604166666666,1052.3125,1225.5520833333333,6.470833351214729,42.621875047683794,0.409333226416886
2005-02-17,1059.8784722222208,6.216570721020077,802.3680555555553,794.5833333333334,1000.7951388888874,930.0173611111113,7.488888919353496,44.404166526264625,0.4630743453207116
2005-02-18,1055.4583333333333,6.895602925270921,819.1041666666666,812.7083333333334,1012.4375,890.9791666666666,8.505208308498034,42.18958328167604,0.4623903714447912
2005-02-19,1083.2708333333333,6.250676556275429,809.3229166666666,770.0416666666666,997.6979166666666,1113.9270833333333,6.740624990391882,47.69791642824813,0.454769299518935
2005-02-20,1030.9513888888875,3.435937713549688,667.0763888888888,890.9479166666666,986.9375,737.9305555555553,8.298263917366688,54.16840272479596,0.5936137936562564
2005-02-21,1106.28125,7.060949088342475,820.125,786.8020833333334,1179.3333333333333,879.6041666666666,5.753124977151554,74.29687507947283,0.685818197566073
2005-02-22,1083.2916666666667,7.71884014852299,842.6458333333334,795.0,1182.6979166666667,885.53125,5.410416655242446,75.15520811080926,0.6742884548792379
2005-02-23,1039.125,6.235166105035167,792.8229166666666,833.4756944444458,1112.9513888888887,871.4826388888887,4.31319443550375,78.3788194126552,0.6580718673435436
2005-02-24,1141.75,8.606501612183415,891.0833333333334,724.0833333333334,1219.9479166666667,1110.5729166666667,5.261458329856391,78.71770866711937,0.7039041618168539
2005-02-25,1129.4236111111125,9.552224512006708,936.9722222222208,697.71875,1212.0451388888875,1099.663194444446,7.919444435172562,62.6916668547525,0.646870488270521
2005-02-26,1001.7083333333334,5.306016462130302,768.1666666666666,844.125,998.96875,834.8645833333334,6.595833343764141,56.78854171435037,0.5480508755257558
2005-02-27,971.6145833333334,4.405744139746269,721.8020833333334,896.3333333333334,925.375,763.40625,6.008333372573084,52.10416654745746,0.4757520845808672
2005-02-28,834.1840277777779,2.639046906332423,606.7256944444446,1149.6041666666667,749.9027777777779,445.3125,2.8878472314940544,42.66979169183309,0.32723083203528597
2005-03-01,820.09375,2.9343150153848505,618.75,1191.75,698.9375,482.5416666666667,1.4302083266278054,35.090625027815584,0.24000770573860788
2005-03-02,970.84375,7.461835112865338,831.0416666666666,904.3854166666666,874.2291666666666,981.84375,4.289583318789183,32.03750010331475,0.25182077178575313
2005-03-03,1184.2118055555554,8.150129852601207,884.46875,686.71875,1162.2604166666667,1304.163194444446,4.587847210466866,67.44548645284434,0.5775362649967425
2005-03-04,1214.7395833333333,11.40406517347047,994.8645833333334,650.3125,1282.3020833333333,1369.6770833333333,7.189583331346495,62.18541665871916,0.6202799075123576
2005-03-05,1050.5347222222208,6.362129598275986,820.0625,780.3194444444447,1053.805555555554,922.8506944444447,8.230208319094453,51.93611104620829,0.5436195764143946
2005-03-06,947.5625,3.8680535677671894,676.4270833333334,992.7916666666666,894.0520833333334,600.59375,8.737499997019796,43.88854161898296,0.4781969197599108
2005-03-07,953.8645833333334,5.132276431142125,739.3020833333334,939.5833333333334,866.6458333333334,722.2604166666666,6.927083335816863,39.20104175806042,0.3822129152377587
2005-03-08,1081.7534722222208,10.267806740180852,947.3090277777792,740.3993055555553,1048.5104166666667,1238.5416666666667,7.5236111153951555,39.18263883060879,0.3688160372366631
2005-03-09,1227.15625,11.318508999920951,985.7708333333334,648.4791666666666,1236.7395833333333,1425.6354166666667,9.355208345999293,49.393750250339544,0.5727943760060644
2005-03-10,1136.8020833333333,9.930468623595367,947.3645833333334,670.96875,1166.7708333333333,1291.78125,11.275000013411093,46.44791699449217,0.5438494653682681
2005-03-11,1170.1050724637696,10.363800072912706,955.2210144927534,671.0036231884056,1195.0289855072465,1216.7463768115956,11.05398547303857,44.76920288196505,0.5785040947048214
2005-03-12,1116.53125,5.6384787255530595,779.1145833333334,722.78125,1147.0625,792.8645833333334,13.072916666666734,52.31562497218446,0.7645970337322106
2005-03-13,1133.805555555554,5.398577318263815,758.2291666666666,768.8020833333334,1149.256944444446,816.6597222222221,14.36944454246096,49.91527785195246,0.8071163378347778
2005-03-14,1236.625,10.790323282076088,968.59375,619.9166666666666,1343.7604166666667,1245.2916666666667,14.2468749980132,52.96979149182646,0.8220444657249866
2005-03-15,1218.8229166666667,11.22019813906566,966.6354166666666,649.7395833333334,1324.84375,1196.21875,15.748958279689122,47.02083319425579,0.7799172756083353
2005-03-16,1229.78125,11.85523739665947,1000.7951388888887,624.8125,1298.8854166666667,1323.3194444444446,16.846527667509097,43.33229131499929,0.7267617853499845
2005-03-17,1217.75,10.856723789537854,969.8020833333334,629.0416666666666,1282.1458333333333,1254.25,17.26145839194456,41.61145836114875,0.7395121335137879
2005-03-18,1232.3298611111125,11.83794541972619,1007.1736111111113,603.21875,1318.6840277777792,1257.2638888888875,15.67326394220187,45.99687505430654,0.7457663128635729
2005-03-19,1186.53125,7.264685851676082,851.8333333333334,655.8333333333334,1277.6770833333333,1025.2395833333333,14.773958255847292,57.50208310286209,0.938238367169305
2005-03-20,1110.5625,5.5233136042282815,770.59375,735.8020833333334,1203.34375,807.5729166666666,16.223958323399167,53.49270838499063,0.949962112697642
2005-03-21,1226.6354166666667,11.020396206248428,967.8923611111113,617.4722222222221,1425.7638888888875,1154.2986111111125,16.61736105879154,55.531249960263544,1.0056455447478656
2005-03-22,1197.7916666666667,10.632082422319321,957.9895833333334,638.25,1364.9791666666667,1153.90625,17.102083414793,51.50729165474575,0.9460893560168507
2005-03-23,1272.96875,13.115115366758102,1039.78125,581.5104166666666,1424.8958333333333,1346.6041666666667,18.812500029802333,44.99270814657217,0.9105235024665271
2005-03-24,1343.2604166666667,13.33172860764221,1052.1111111111113,555.6180555555554,1451.930555555554,1467.6458333333333,17.165625039074126,49.55694448947917,0.9515601424193373
2005-03-25,1341.65625,12.993726810571792,1051.0833333333333,548.96875,1560.4166666666667,1334.5520833333333,17.670833388964333,62.75000015894583,1.232364348323586
2005-03-26,1216.4583333333333,8.394331906680987,910.3680555555553,589.8125,1407.149305555554,1185.774305555554,18.951041625605626,57.904513968361705,1.2262153109354108
2005-03-27,1106.1458333333333,4.303896067488602,723.1041666666666,725.8854166666666,1304.9270833333333,884.6458333333334,15.609374940395334,72.44270861148833,1.2701458486455521
2005-03-28,1079.5520833333333,4.895433896564911,745.1145833333334,747.8645833333334,1280.6354166666667,829.4479166666666,17.933333357175208,60.757291475931794,1.186074756785373
2005-03-29,1163.2083333333333,10.10106710523168,943.2743055555542,631.9375,1429.8854166666667,1133.1770833333333,15.911805510520793,62.536111156145665,1.1164642748217626
2005-03-30,1105.7604166666667,8.997458158385298,908.6041666666666,665.71875,1328.5833333333333,1067.2604166666667,17.420833319425626,54.032291670640376,0.9967589544088464
2005-03-31,1007.9895833333334,5.226496214903892,749.3020833333334,795.4791666666666,1176.46875,763.7708333333334,17.55416659514104,50.09270824988692,0.9519224100677169
2005-04-01,903.1423611111113,3.416609608146011,662.8715277777779,946.7326388888874,943.0069444444447,523.8680555555554,15.919791711701416,35.959722340107,0.6365361845655221
2005-04-02,890.8958333333334,2.527522109583345,616.1979166666666,991.6979166666666,864.2604166666666,481.6145833333333,15.489583313465126,32.213541825612374,0.5461610020264536
2005-04-03,981.1527777777792,4.318307338857083,714.5798611111113,855.9652777777779,985.1111111111113,716.9722222222221,18.381250047021425,33.6864583260484,0.6175793612103111
2005-04-04,1090.4,8.435232853907468,862.1333333333333,745.05,1194.9166666666667,995.1333333333333,16.96666671435044,42.79166657129933,0.7247801987847335
